,accuracy,precision,recall,f1,kapppa,set,modelo
0,0.6707616707616708,0.6689520078354554,0.6729064039408867,0.6709233791748527,0.3415289066612577,test,Regresión logistica Esta
1,0.6764958840152353,0.6732482542740188,0.6866404715127702,0.6798784194528875,0.35298361236020037,train,Regresión logistica Esta
